RA_CODE_2016,P_Mng_0,P_Mng_1_15,P_Mng_16_24,P_Mng_25_34,P_Mng_35_39,P_Mng_40,P_Mng_41_48,P_Mng_49over,P_Mng_hours_NS,P_Mng_Tot,P_Pro_0,P_Pro_1_15,P_Pro_16_24,P_Pro_25_34,P_Pro_35_39,P_Pro_40,P_Pro_41_48,P_Pro_49over,P_Pro_hours_NS,P_Pro_Tot,P_TTW_0,P_TTW_1_15,P_TTW_16_24,P_TTW_25_34,P_TTW_35_39,P_TTW_40,P_TTW_41_48,P_TTW_49over,P_TTW_hours_NS,P_TTW_Tot,P_CPS_0,P_CPS_1_15,P_CPS_16_24,P_CPS_25_34,P_CPS_35_39,P_CPS_40,P_CPS_41_48,P_CPS_49over,P_CPS_hours_NS,P_CPS_Tot,P_CA_0,P_CA_1_15,P_CA_16_24,P_CA_25_34,P_CA_35_39,P_CA_40,P_CA_41_48,P_CA_49over,P_CA_hours_NS,P_CA_Tot,P_Sal_0,P_Sal_1_15,P_Sal_16_24,P_Sal_25_34,P_Sal_35_39,P_Sal_40,P_Sal_41_48,P_Sal_49over,P_Sal_hours_NS,P_Sal_Tot,P_MOD_0,P_MOD_1_15,P_MOD_16_24,P_MOD_25_34,P_MOD_35_39,P_MOD_40,P_MOD_41_48,P_MOD_49over,P_MOD_hours_NS,P_MOD_Tot,P_Lab_0,P_Lab_1_15,P_Lab_16_24,P_Lab_25_34,P_Lab_35_39,P_Lab_40,P_Lab_41_48,P_Lab_49over,P_Lab_hours_NS,P_Lab_Tot,P_ID_NS_0,P_ID_NS_1_15,P_ID_NS_16_24,P_ID_NS_25_34,P_ID_NS_35_39,P_ID_NS_40,P_ID_NS_41_48,P_ID_NS_49over,P_ID_NS_hours_NS,P_ID_NS_Tot,P_Tot_0,P_Tot_1_15,P_Tot_16_24,P_Tot_25_34,P_Tot_35_39,P_Tot_40,P_Tot_41_48,P_Tot_49over,P_Tot_hours_NS,P_Tot_Tot
RA10,8120,10015,14108,18921,51096,84404,46779,105913,3313,342665,22083,47476,56502,58064,122796,173163,69780,111459,6115,667431,6949,16576,22090,23334,67303,84785,37042,49601,5792,313472,9255,49670,46480,42899,43204,30789,15538,16699,4590,259120,11902,36850,46012,44226,100973,77172,27178,27465,3839,375613,7491,56984,38448,29501,36701,32032,13647,19534,3542,237892,3902,9548,11145,12316,36940,29863,16272,26293,3284,149568,5765,39373,33534,24725,38380,30308,11791,14826,4650,203356,1746,3529,3087,2857,7651,8061,2461,4809,14940,49142,77227,270011,271408,256840,505042,550577,240477,376599,50070,2598257
RA11,2190,3419,3739,5254,10006,14057,8778,25677,953,74066,4719,8745,11672,13592,18878,20248,9628,16080,981,104543,2563,5013,5216,7303,19882,21711,11101,15993,1482,90262,3345,12778,11369,14366,12360,6897,3943,4727,1226,71027,2837,8758,9821,11811,18907,10686,4549,4600,677,72637,2283,15830,8718,8638,8976,5509,3213,4380,906,58451,1591,2549,2702,3248,7684,6920,5444,10392,868,41400,2602,15379,8930,9163,11183,9451,3909,5136,1559,67317,551,796,542,624,1251,1221,494,1057,3183,9715,22684,73258,62706,74005,109119,96705,51050,88056,11838,589423
RA12,1029,1760,1659,2431,2998,5452,3205,15664,678,34880,1200,1970,2786,3139,3975,4428,2201,3908,255,23868,750,1507,1525,1890,5169,5111,2695,4370,516,23530,888,3069,2895,3931,3134,1657,912,1308,404,18195,762,2406,2461,3124,4479,2463,1064,1209,233,18205,578,3592,1989,2208,2205,1292,882,1166,267,14179,650,812,919,956,2335,2407,1817,3993,325,14213,920,4557,2848,3188,4079,3949,1677,2789,659,24659,232,257,164,209,363,354,134,394,1115,3234,7000,19935,17245,21072,28741,27124,14590,34800,4453,174964
RA13,99,137,103,181,207,457,241,2043,80,3545,87,98,108,140,234,284,119,328,18,1409,48,79,74,105,216,258,139,324,38,1283,62,154,184,235,255,115,70,96,30,1197,38,133,138,183,235,180,78,87,22,1083,24,107,81,109,86,70,31,70,13,589,39,63,60,72,147,175,176,424,30,1196,67,222,179,185,215,278,123,333,57,1659,7,11,13,20,31,17,12,37,99,245,477,1001,934,1223,1626,1838,987,3735,391,12204
RA14,20,18,13,20,47,88,44,394,11,657,13,7,17,27,50,46,14,41,5,213,7,14,12,16,22,53,17,40,3,182,14,26,32,51,54,38,17,25,8,265,10,15,17,19,39,25,4,28,4,159,0,6,12,5,3,11,0,17,3,61,0,4,3,3,11,12,8,55,4,109,6,25,28,28,45,63,22,71,6,302,8,0,3,0,11,5,0,9,30,69,72,123,132,177,287,336,130,675,84,2028
RA15,0,0,0,0,0,0,0,0,0,3,3,0,3,0,6,0,0,4,0,22,10,0,0,0,6,3,0,3,0,18,9,3,4,0,3,0,0,0,0,16,6,0,0,3,3,3,0,0,0,21,5,3,0,3,3,4,0,0,0,17,7,0,0,0,4,4,0,0,0,10,6,3,0,0,0,0,0,0,3,18,0,0,0,0,0,0,3,0,3,5,43,4,9,10,22,12,4,7,4,130
RA19,15,12,23,11,38,75,22,80,3,274,44,57,61,52,113,159,52,95,6,649,18,38,36,44,92,115,42,68,24,480,9,60,70,78,54,50,38,60,10,430,12,28,25,29,76,43,20,29,4,261,17,24,32,30,39,39,15,14,12,224,8,20,25,32,73,51,37,80,12,339,23,60,98,91,90,96,46,45,36,582,5,3,6,5,9,10,9,3,47,103,148,298,377,371,584,638,279,475,158,3331
RA20,6904,9084,11993,17717,42836,66189,39221,83686,2751,280380,18488,41237,47841,56939,97381,129837,58050,81801,4739,536313,6180,14740,17572,21014,61690,74199,31195,37460,4753,268815,8544,48124,38600,39001,33573,24508,11971,13369,3888,221575,9696,31565,36662,37722,76396,59245,22148,19795,3050,296273,6413,59655,32122,25389,29989,24779,11853,16282,3155,209633,3150,7265,8876,10588,31248,25643,13315,17569,2627,120270,4719,37660,26985,21205,34324,24535,9690,11096,3820,174041,1450,2909,2206,2326,5510,5729,1793,3333,11661,36910,65554,252235,222858,231901,412942,434661,199232,284387,40442,2144221
RA21,2337,3566,3492,5103,7905,12370,8080,24466,1011,68335,4253,7319,10565,12578,14067,15297,8207,11774,746,84804,2503,4471,4358,5939,16045,19958,9127,12180,1279,75856,3259,11212,9401,10868,7968,5944,3143,3462,994,56253,2531,7448,8399,9074,12822,8477,3648,3438,579,56405,1923,14155,6848,6322,6141,4248,2500,3190,767,46081,1359,1773,1869,2343,5885,6036,4320,7416,648,31644,2549,13312,7082,7582,9775,8300,4353,4704,1286,58952,596,652,465,559,940,1023,419,828,2696,8167,21308,63890,52475,60376,81554,81643,43784,71464,10002,486498
RA22,706,1101,985,1515,1721,3540,1977,8668,408,20627,775,1107,1820,2148,2458,2543,1386,2146,159,14532,496,921,848,1141,2906,3452,1464,2142,273,13650,723,1996,1914,2366,1547,1117,516,705,234,11110,443,1399,1477,1761,2277,1627,550,610,107,10260,357,2637,1288,1310,1445,829,569,651,145,9234,360,429,420,429,1243,1278,910,1786,161,7018,607,3159,1686,1817,2266,1951,886,1248,349,13978,142,143,73,134,181,200,63,164,663,1770,4603,12893,10520,12631,16043,16536,8335,18118,2505,102180
RA23,5,27,17,41,23,64,26,172,16,393,8,13,15,26,21,27,21,29,3,160,3,20,15,14,18,18,11,15,3,121,7,31,26,27,10,8,7,7,0,122,0,26,14,12,13,4,7,6,6,88,6,15,14,9,4,3,6,3,0,64,7,4,6,5,10,12,7,10,0,56,9,31,25,17,14,19,7,21,0,149,0,0,0,3,0,3,0,3,3,16,50,171,139,157,112,166,87,266,28,1179
RA25,0,0,0,0,0,0,0,0,0,0,0,0,0,0,0,0,0,3,0,4,0,0,0,0,0,0,0,8,0,7,0,0,0,0,0,0,0,0,0,0,0,0,0,0,0,0,0,0,0,0,0,0,0,0,0,0,0,0,0,0,0,0,0,0,0,0,0,0,0,0,0,0,0,0,0,0,0,3,0,3,0,0,0,0,0,0,0,0,0,0,0,0,0,0,0,0,0,17,0,23
RA29,7,3,12,11,31,40,17,52,7,178,34,34,33,40,54,108,31,64,7,405,6,10,26,18,59,70,35,55,5,297,13,59,40,55,28,32,21,19,8,277,15,14,23,21,45,33,9,10,7,182,3,29,16,16,30,13,7,11,6,134,14,11,11,14,42,35,15,48,13,200,6,46,42,46,51,47,19,31,12,307,8,10,7,0,0,3,3,3,23,57,111,212,205,226,348,385,170,296,84,2033
RA30,4021,5182,6295,9978,25530,35796,23232,54787,1481,166296,11708,23340,26191,36235,58121,69440,31691,51036,2401,310158,4767,9375,10438,14735,41548,45345,24565,34296,2691,187760,6146,29721,25607,31148,26215,16804,8595,10268,2333,156827,6909,19753,22225,25900,57875,36948,15681,15272,1826,202386,3882,35831,20591,20160,21578,15607,8021,13175,1802,140655,2346,4593,5329,7758,18375,14226,9206,17211,1520,80560,3737,26129,18551,19331,24623,17022,7932,10948,2543,130819,938,1741,1239,1530,3336,3456,1210,2667,6646,22759,44449,155658,136456,166779,277203,254637,130135,209656,23251,1398230
RA31,1271,1929,1799,2907,5491,7325,5107,17224,596,43654,2812,4612,5678,8246,10815,11491,6109,10186,506,60461,2023,3459,3047,4638,13844,12611,8602,14212,943,63379,2011,7178,6873,9875,7184,4080,2325,3171,736,43432,1840,5631,5510,6992,12797,7277,3419,3765,464,47688,1220,9869,5276,5856,5800,3093,2098,3045,512,36757,1445,1512,1675,2224,5354,4723,4644,10977,683,33226,1706,9630,5833,7153,9214,6531,3346,5286,1051,49759,337,466,280,369,738,677,282,705,2022,5870,14659,44286,35971,48260,71230,57806,35928,68579,7510,384225
RA32,957,1499,1384,2139,4323,6260,4281,16285,530,37659,2310,3178,3623,6017,8491,9030,4757,8422,431,46262,1685,2188,2071,3167,9580,9370,6305,10731,769,45859,1607,5119,4941,7023,6360,4120,2556,3514,608,35855,1371,3563,3929,5132,9866,5761,2798,2970,371,35760,877,6957,3733,4395,4589,2500,1617,2220,359,27247,1266,1235,1179,1736,4036,3773,3622,9710,603,27172,1212,6480,4107,5452,6233,4534,2572,4309,844,35743,294,302,201,274,584,567,286,701,1592,4798,11590,30511,25158,35336,54050,45932,28800,58868,6104,296351
RA33,142,234,167,252,354,741,444,3609,115,6064,188,226,245,433,549,745,428,940,35,3790,189,223,159,272,565,840,1054,1784,72,5158,121,364,350,586,529,403,245,331,56,2981,120,329,312,398,669,522,258,355,50,3008,55,419,228,323,326,175,102,184,21,1838,227,129,106,157,369,444,988,1858,118,4398,158,642,361,484,633,645,371,1138,126,4552,46,27,22,25,56,63,39,103,197,574,1251,2587,1941,2929,4065,4575,3926,10297,795,32366
RA34,123,133,90,179,301,600,289,2746,97,4561,143,169,145,278,460,638,300,615,33,2789,99,158,94,174,449,557,513,755,71,2884,117,304,250,442,477,408,158,285,77,2518,86,149,199,280,575,410,172,327,40,2236,33,203,115,190,228,115,74,131,27,1114,90,89,48,89,216,282,452,647,61,1978,121,433,233,343,464,593,250,1032,108,3578,40,41,21,33,47,37,23,79,173,495,848,1675,1207,2004,3210,3646,2237,6629,688,22137
RA35,0,0,0,0,0,0,3,6,0,13,0,0,0,0,0,4,0,0,0,8,4,4,0,0,3,3,0,0,0,9,0,0,0,0,0,0,0,0,0,0,4,0,0,0,5,0,0,3,0,7,3,0,0,0,0,0,0,0,0,7,0,0,0,0,0,0,0,0,0,0,0,4,0,0,0,0,0,0,0,6,0,0,0,0,0,0,0,0,0,4,9,9,6,7,9,10,4,12,0,60
RA39,20,21,12,25,26,37,20,82,9,264,47,34,31,52,73,96,26,72,10,446,30,23,22,28,62,82,33,96,17,392,15,54,52,61,48,40,23,41,13,349,22,24,17,16,55,25,29,30,3,226,13,26,33,29,21,23,13,13,10,182,21,9,16,32,51,40,29,94,11,300,24,69,101,156,134,110,65,127,33,825,12,3,3,3,4,9,0,12,51,97,195,274,297,410,473,463,235,575,158,3087
RA40,1615,2418,2679,4576,11070,12387,9719,17537,497,62509,5287,9942,12000,15747,27416,23636,12784,17059,887,124772,2060,4178,4408,6741,18827,16489,8855,10011,983,72549,3119,14249,10991,14138,10894,6423,3633,3836,985,68265,2960,8090,9236,11648,24675,11419,5761,4387,617,78792,1826,16264,7973,8134,8195,4858,3072,3571,659,54554,994,1791,2023,3052,8414,5106,3598,4777,466,30231,1702,13295,7710,8066,10526,5817,3160,3154,946,54373,449,717,475,660,1565,1105,486,728,2324,8510,20014,70943,57485,72775,121589,87245,51076,65066,8366,554564
RA41,466,723,705,1126,1625,2410,1677,4549,163,13444,755,1193,1677,2049,2428,2380,1456,2158,143,14249,509,961,923,1342,3152,3082,1748,2261,174,14156,578,2197,1869,2411,1600,957,569,701,155,11022,473,1544,1513,1952,2655,1425,798,686,96,11134,362,2349,1425,1507,1296,728,571,644,114,8984,291,415,394,544,1237,1068,831,1914,112,6814,558,3002,1538,1839,2229,2205,907,918,239,13432,95,106,81,86,186,168,82,140,395,1328,4083,12494,10117,12865,16401,14422,8631,13965,1584,94566
RA42,500,722,576,969,1209,2072,1412,5194,189,12844,481,636,979,1185,1547,1434,917,1475,89,8735,394,613,547,788,2135,2123,1151,1727,169,9646,408,1417,1307,1812,1092,636,383,503,140,7707,332,1005,1073,1266,1697,864,419,428,56,7141,244,1689,946,1107,855,483,362,418,91,6198,296,332,352,358,1038,989,994,1834,132,6318,484,2340,1267,1428,2167,1597,750,1016,226,11269,86,100,62,90,153,127,74,137,376,1201,3227,8856,7113,9000,11893,10319,6461,12732,1477,71067
RA43,152,187,188,299,317,606,432,1789,68,4050,160,191,277,317,374,392,291,464,23,2486,88,175,207,288,498,596,358,731,45,2985,96,362,373,402,246,141,102,137,24,1882,76,304,276,355,456,213,112,125,9,1936,65,465,229,281,226,139,109,105,17,1638,82,103,92,79,229,152,232,602,25,1588,145,608,381,428,330,309,174,296,96,2758,27,27,9,17,24,40,14,46,115,322,893,2421,2042,2474,2703,2588,1818,4297,415,19648
RA44,46,53,40,69,96,152,123,572,23,1177,46,32,47,94,137,137,86,142,20,738,42,32,46,59,94,133,58,205,22,694,46,88,88,122,131,91,31,67,20,690,26,60,61,78,128,65,19,38,8,484,16,68,54,40,63,35,25,27,9,334,20,33,25,36,55,48,38,210,11,477,24,117,88,121,104,108,46,171,27,808,10,6,8,7,22,5,5,20,39,126,265,490,457,633,821,781,442,1459,178,5529
RA45,0,0,0,0,0,0,0,0,0,0,0,0,0,0,0,0,0,3,0,3,0,0,0,0,0,0,0,0,0,0,0,0,0,0,0,0,0,0,0,0,0,0,0,0,0,0,0,0,0,0,0,0,0,0,0,0,0,0,0,0,0,0,0,0,0,0,0,0,0,0,0,0,0,0,0,0,0,0,0,0,0,0,0,0,0,0,0,0,0,0,0,0,0,0,0,0,0,3,0,3
RA49,4,0,4,6,7,8,4,13,0,54,15,15,13,10,23,20,5,16,3,103,10,5,12,9,20,18,6,26,3,112,4,13,10,4,8,3,3,3,0,53,3,4,10,12,12,6,5,7,0,57,3,12,9,13,6,3,4,0,3,49,0,6,6,11,17,8,16,13,11,85,13,24,18,32,50,36,17,14,12,212,0,0,0,0,0,0,0,0,8,11,53,82,68,103,139,100,63,98,32,734
RA50,2689,3953,4579,6320,15459,24254,15063,30746,849,103911,7915,16728,18708,20855,37325,47141,21762,30975,1598,203014,5008,7589,8194,10190,28871,33802,16790,28514,2260,141223,4112,20501,16395,17460,14984,11245,5381,6872,1555,98499,4342,14201,15500,15722,31656,23427,9273,8672,1113,123902,2637,24675,13284,10966,11385,8858,4224,6280,1063,83373,2754,3549,3448,4525,11519,9418,6923,15821,1136,59100,2952,19172,12533,10484,12026,9524,4349,8538,1520,81099,694,1205,902,946,2063,2284,894,1870,3866,14722,33107,111569,93550,97461,165298,169960,84658,138282,14949,908835
RA51,494,674,631,923,1235,2066,1378,3780,116,11306,681,1289,1546,1711,2090,2363,1404,2041,116,13244,909,933,1016,1354,2965,3759,2456,4171,293,17851,500,1890,1655,2069,1337,1015,561,666,152,9845,408,1649,1598,1682,2267,1487,704,745,87,10624,349,2430,1299,1296,1196,800,432,607,132,8549,660,428,455,500,1049,1060,1530,3212,170,9060,608,2734,1517,1737,1758,1471,796,1472,227,12325,115,123,86,91,180,186,110,236,416,1537,4727,12142,9803,11357,14071,14211,9371,16927,1723,94331
RA52,550,766,668,933,1083,2002,1438,5335,194,12971,648,891,1059,1255,1838,2225,1188,1904,74,11086,557,746,688,959,1986,2671,1798,3642,213,13259,444,1363,1217,1687,1207,1037,475,659,136,8233,357,1271,1155,1369,1911,1378,570,645,98,8754,245,1709,854,1015,1023,710,475,529,110,6664,554,407,390,431,753,1011,1089,3573,178,8377,534,2147,1209,1314,1183,1364,721,1422,245,10140,91,116,59,79,131,153,96,225,416,1372,3977,9412,7303,9037,11117,12564,7848,17929,1656,80846
RA53,302,290,254,386,552,1093,797,3640,107,7424,322,348,427,523,892,1131,637,1074,54,5406,362,299,264,348,878,1193,1270,2647,112,7370,223,480,404,613,593,468,313,398,63,3560,247,464,435,564,957,793,438,596,46,4541,94,551,286,427,394,331,198,285,50,2614,219,177,122,173,336,472,724,1818,94,4139,207,708,426,548,454,579,414,970,97,4405,52,43,23,36,66,98,91,168,210,784,2031,3360,2647,3616,5127,6158,4875,11592,837,40239
RA54,153,110,110,143,276,487,364,1921,64,3620,245,214,228,261,540,674,484,1467,55,4165,455,212,179,206,432,528,727,4390,132,7268,151,219,201,399,467,370,234,488,69,2592,135,179,172,271,489,395,215,571,33,2468,38,178,108,144,224,132,96,108,24,1051,412,170,112,134,173,221,514,3560,120,5413,220,294,221,329,311,410,250,2001,95,4143,47,31,19,28,53,55,29,197,188,644,1855,1612,1358,1917,2965,3277,2905,14700,783,31369
RA55,3,0,0,0,0,0,0,8,0,11,0,0,3,0,3,5,3,64,0,78,3,0,0,0,3,0,0,71,0,87,0,0,3,0,0,0,0,0,0,3,0,0,0,0,0,3,0,4,0,10,0,0,0,0,0,0,0,0,0,0,0,0,0,0,0,0,0,29,0,35,0,0,5,0,0,3,3,79,3,100,0,3,0,0,0,0,0,9,0,9,16,12,11,0,4,14,11,274,4,334
RA59,17,7,4,3,4,16,9,48,3,104,29,26,14,20,25,44,25,58,3,235,27,21,19,15,40,35,21,161,11,349,9,20,25,18,19,17,12,34,7,162,7,15,10,9,20,16,16,21,0,114,5,17,14,11,17,11,8,5,3,90,19,15,15,16,24,24,18,139,3,276,12,35,48,44,48,56,25,114,10,386,10,4,3,3,0,6,0,8,24,58,140,151,146,136,200,222,136,587,60,1773
RA61,508,678,754,1232,2906,3290,2315,4758,137,16578,1538,2634,3520,4571,6746,5595,2997,4123,214,31940,577,1347,1239,1817,5065,5214,2413,2472,270,20416,947,3909,3360,4104,2804,1664,1022,1152,264,19222,958,2180,2566,3125,6453,3093,1434,1234,133,21172,624,4615,2230,2248,2508,1370,823,895,172,15477,302,597,577,724,1799,1424,1214,1314,161,8121,630,3745,2176,2246,2665,1716,755,826,291,15045,142,203,166,199,489,323,125,225,646,2513,6222,19903,16589,20266,31431,23683,13087,17004,2291,150484
RA62,356,545,481,726,1009,1560,962,3230,138,9006,435,795,1076,1229,1506,1374,730,1136,89,8375,361,598,627,859,2029,2105,1122,1350,151,9193,390,1367,1453,1587,894,536,329,428,119,7099,316,920,982,1113,1613,837,397,443,56,6671,235,1567,959,843,823,453,283,355,91,5599,278,326,357,387,936,886,757,1240,131,5294,486,1981,1091,1204,1551,1295,615,794,226,9244,76,87,86,66,173,139,64,125,345,1165,2925,8185,7113,8002,10539,9186,5257,9103,1341,61651
RA63,26,33,34,39,47,72,40,222,17,527,22,24,25,27,49,46,17,68,0,279,32,45,28,35,52,58,61,104,7,420,23,54,51,59,43,25,24,23,7,314,15,50,34,35,39,22,10,19,3,228,14,56,35,39,34,19,6,19,4,231,13,11,14,18,31,30,59,105,3,287,33,156,75,61,82,52,25,77,13,568,4,0,0,5,5,8,5,9,26,66,182,429,295,325,383,336,255,646,79,2922
RA64,5,30,23,24,26,59,38,125,8,335,11,16,14,21,12,22,9,20,3,120,9,19,11,14,29,42,16,15,0,166,10,13,14,21,12,8,3,9,0,88,4,11,13,20,17,11,9,5,0,98,9,9,7,5,18,16,7,11,0,75,4,8,0,4,16,12,12,12,3,68,15,34,19,42,32,46,17,42,6,256,3,4,0,0,0,4,0,0,5,24,65,142,99,156,168,213,115,236,31,1229
RA65,0,0,0,0,0,0,0,0,0,3,0,0,0,0,0,0,0,4,0,14,0,0,0,0,4,4,0,0,0,9,0,0,3,0,0,0,0,3,0,9,0,0,0,0,0,0,0,0,0,0,0,0,0,0,0,0,0,0,0,0,0,0,0,0,0,0,0,0,0,3,0,0,0,0,0,0,0,16,0,15,0,0,0,0,0,0,0,0,0,0,3,0,4,3,4,4,0,23,0,47
RA69,0,3,0,0,3,4,0,6,0,17,3,0,3,3,3,12,8,10,0,49,0,3,0,3,8,13,3,4,0,38,3,3,7,7,8,0,0,0,5,33,0,5,3,3,7,3,0,0,0,27,0,3,4,4,0,0,0,0,0,14,0,4,3,0,5,0,0,3,0,20,0,8,10,4,5,7,0,6,0,54,0,0,0,0,0,0,0,0,0,3,14,38,27,28,45,38,17,39,10,247
RA72,315,183,204,378,1413,1863,1243,3117,94,8798,704,636,669,1125,3079,3066,1507,2837,139,13762,478,403,396,570,2314,2557,1484,3900,242,12336,489,792,907,960,1762,1538,957,1276,186,8862,459,561,612,949,3474,2162,889,1161,132,10396,158,1115,686,667,1046,593,333,500,94,5201,167,137,207,273,839,659,468,1394,101,4239,216,776,712,728,913,834,401,1534,182,6290,98,55,52,74,244,218,89,260,393,1475,3080,4658,4445,5708,15081,13484,7364,15976,1568,71357
RA73,87,77,52,94,453,489,312,854,26,2439,225,196,227,338,1134,1061,486,690,51,4402,105,94,87,125,568,637,356,616,41,2622,139,237,241,358,780,536,278,499,70,3133,121,146,145,259,941,503,230,259,28,2632,50,254,107,155,278,130,109,137,29,1250,40,50,57,77,164,136,91,315,32,962,64,249,141,213,358,290,122,256,47,1734,29,21,18,24,87,76,35,70,142,512,869,1328,1072,1647,4763,3859,2013,3684,457,19691
RA74,53,25,32,39,205,193,122,551,25,1240,115,143,157,216,573,552,205,374,45,2379,47,43,61,75,191,233,161,286,21,1120,99,187,210,313,511,351,117,251,64,2103,57,52,66,101,339,192,76,143,16,1042,17,73,62,74,113,93,36,46,14,537,47,48,19,39,90,76,83,192,20,612,42,124,135,158,251,277,78,365,62,1497,26,38,26,29,53,34,21,37,278,545,509,723,765,1048,2324,2012,892,2243,558,11064
RA75,0,0,0,0,0,0,0,0,0,0,0,0,0,0,0,0,0,0,3,4,0,0,0,0,0,0,0,4,0,8,0,0,0,0,0,0,0,0,0,0,0,0,0,0,0,0,0,0,0,0,0,0,0,0,0,0,0,0,0,0,0,0,0,0,0,0,0,0,0,0,3,0,0,0,0,0,0,6,6,13,0,0,0,0,0,0,0,0,0,0,3,3,0,0,0,0,0,14,10,28
RA79,9,3,3,0,9,6,10,9,0,41,17,3,14,7,19,13,11,29,0,108,7,3,3,0,9,32,14,45,0,104,12,5,4,13,14,16,8,13,5,84,4,4,3,3,4,3,4,7,0,34,4,4,0,5,11,3,0,5,0,32,7,0,3,0,6,5,4,36,0,63,0,4,9,9,16,13,5,39,5,104,0,0,0,0,3,3,0,0,3,15,52,28,40,30,78,93,56,175,18,574
RA80,1275,854,1160,2068,5908,7461,5349,8392,223,32684,2773,3812,3926,5752,15532,15033,7047,8233,478,62586,507,1059,1059,1414,4674,5126,2334,3124,255,19557,925,4671,3166,3107,3654,2444,1420,1788,428,21609,1701,2469,2785,3725,11450,6798,3000,2371,289,34589,512,4460,2107,1766,2003,1228,692,921,238,13929,166,475,340,427,780,873,596,918,96,4677,321,2485,1686,1315,1623,1309,573,786,220,10314,264,258,222,335,1222,1060,421,547,780,5113,8449,20546,16454,19901,46849,41333,21432,27081,3009,205053
RA81,3,7,4,3,4,20,12,24,0,75,7,3,6,9,7,12,10,16,0,75,3,0,3,5,9,21,3,14,0,60,0,6,3,5,12,9,3,5,0,47,8,0,4,7,16,9,4,0,0,46,0,9,6,0,3,0,0,0,0,16,0,0,0,0,0,0,0,0,0,7,5,0,0,0,3,9,0,3,4,25,0,0,0,0,0,0,0,0,0,9,24,27,32,44,68,76,35,60,3,369
RA85,0,0,0,0,0,0,0,0,0,0,0,0,0,0,0,0,0,0,0,0,0,0,0,0,0,0,0,0,0,0,0,0,0,0,0,0,0,0,0,0,0,0,0,0,0,0,0,0,0,0,0,0,0,0,0,0,0,0,0,0,0,0,0,0,0,0,0,0,0,0,0,0,0,0,0,0,0,0,0,0,0,0,0,0,0,0,0,0,0,0,0,0,0,0,0,0,0,0,0,0
RA89,0,0,0,0,0,6,0,7,3,21,3,9,3,4,5,13,6,7,0,57,0,0,0,0,5,10,0,4,0,14,3,5,0,8,8,3,0,5,0,34,3,9,0,3,11,5,0,0,0,28,0,4,0,0,4,3,0,0,0,12,0,0,0,0,0,0,0,0,0,8,0,3,0,3,3,3,3,0,0,20,0,0,0,0,0,0,0,0,3,6,9,28,14,22,35,46,12,35,6,202
RA91,0,0,0,0,0,0,7,29,0,41,3,0,3,0,3,0,3,8,0,22,0,0,0,0,4,4,3,0,0,12,3,0,0,0,3,4,11,3,5,34,0,4,0,0,0,0,0,0,0,10,0,4,0,0,0,0,0,0,0,3,0,0,0,0,3,0,0,0,0,3,0,0,0,0,3,0,0,0,0,5,0,0,0,0,0,0,0,0,3,8,5,11,5,8,15,14,21,42,10,135
RA94,16,15,9,27,54,57,37,78,10,302,10,21,11,13,57,63,23,24,3,220,15,23,22,26,93,72,55,50,9,362,15,36,31,32,37,30,39,41,6,265,27,11,21,33,72,36,22,22,0,237,4,22,15,21,22,10,12,8,0,131,7,15,3,10,50,18,15,32,7,159,19,49,25,39,78,36,15,18,11,292,0,5,0,3,13,5,3,11,6,51,111,201,147,202,482,319,209,291,57,2013
RA95,0,0,0,0,0,0,0,0,0,0,0,0,0,0,0,0,0,3,0,3,0,0,0,0,0,0,0,0,0,0,0,0,0,0,0,0,0,0,0,0,0,0,0,0,0,0,0,0,0,0,0,0,0,0,0,0,0,0,0,0,0,0,0,0,0,0,0,0,0,0,0,0,0,0,0,0,0,5,0,4,0,0,0,0,0,0,0,0,0,0,0,0,0,0,0,0,0,4,0,6
RA99,0,0,0,0,0,0,0,0,0,0,0,0,0,0,0,0,0,3,0,3,0,0,0,0,0,0,0,0,0,0,4,0,0,0,0,0,0,0,0,4,0,0,0,0,0,0,0,0,0,0,0,0,0,0,0,0,0,0,0,0,0,0,0,0,0,0,0,0,0,3,0,0,0,0,0,0,0,0,0,0,0,0,0,0,0,0,0,0,0,0,3,3,0,0,0,0,0,5,0,11