GCCSA_CODE_2016,P_Mng_0,P_Mng_1_15,P_Mng_16_24,P_Mng_25_34,P_Mng_35_39,P_Mng_40,P_Mng_41_48,P_Mng_49over,P_Mng_hours_NS,P_Mng_Tot,P_Pro_0,P_Pro_1_15,P_Pro_16_24,P_Pro_25_34,P_Pro_35_39,P_Pro_40,P_Pro_41_48,P_Pro_49over,P_Pro_hours_NS,P_Pro_Tot,P_TTW_0,P_TTW_1_15,P_TTW_16_24,P_TTW_25_34,P_TTW_35_39,P_TTW_40,P_TTW_41_48,P_TTW_49over,P_TTW_hours_NS,P_TTW_Tot,P_CPS_0,P_CPS_1_15,P_CPS_16_24,P_CPS_25_34,P_CPS_35_39,P_CPS_40,P_CPS_41_48,P_CPS_49over,P_CPS_hours_NS,P_CPS_Tot,P_CA_0,P_CA_1_15,P_CA_16_24,P_CA_25_34,P_CA_35_39,P_CA_40,P_CA_41_48,P_CA_49over,P_CA_hours_NS,P_CA_Tot,P_Sal_0,P_Sal_1_15,P_Sal_16_24,P_Sal_25_34,P_Sal_35_39,P_Sal_40,P_Sal_41_48,P_Sal_49over,P_Sal_hours_NS,P_Sal_Tot,P_MOD_0,P_MOD_1_15,P_MOD_16_24,P_MOD_25_34,P_MOD_35_39,P_MOD_40,P_MOD_41_48,P_MOD_49over,P_MOD_hours_NS,P_MOD_Tot,P_Lab_0,P_Lab_1_15,P_Lab_16_24,P_Lab_25_34,P_Lab_35_39,P_Lab_40,P_Lab_41_48,P_Lab_49over,P_Lab_hours_NS,P_Lab_Tot,P_ID_NS_0,P_ID_NS_1_15,P_ID_NS_16_24,P_ID_NS_25_34,P_ID_NS_35_39,P_ID_NS_40,P_ID_NS_41_48,P_ID_NS_49over,P_ID_NS_hours_NS,P_ID_NS_Tot,P_Tot_0,P_Tot_1_15,P_Tot_16_24,P_Tot_25_34,P_Tot_35_39,P_Tot_40,P_Tot_41_48,P_Tot_49over,P_Tot_hours_NS,P_Tot_Tot
9OTER,16,15,9,27,54,59,43,114,10,340,10,21,14,12,53,62,24,32,3,236,15,23,22,28,98,72,55,52,7,379,18,36,35,34,47,29,48,38,8,298,27,18,21,31,79,36,22,20,0,249,4,23,15,21,22,10,16,8,0,130,7,15,5,10,52,18,11,32,7,160,19,48,25,41,84,36,15,18,11,295,0,5,0,3,12,4,3,12,12,51,121,204,149,209,503,331,236,331,69,2151
99799,0,0,0,0,0,0,0,0,0,0,0,0,0,0,0,0,0,3,0,3,0,0,0,0,0,0,0,0,0,0,0,0,0,0,0,0,0,0,0,0,0,0,0,0,0,0,0,0,0,0,0,0,0,0,0,0,0,0,0,0,0,0,0,0,0,0,0,0,0,0,0,0,0,0,0,0,0,5,0,4,0,0,0,0,0,0,0,0,0,0,0,0,0,0,0,0,0,4,0,6
99499,0,0,0,0,0,0,0,0,0,0,0,0,0,0,0,0,0,3,0,3,0,0,0,0,0,0,0,0,0,0,4,0,0,0,0,0,0,0,0,4,0,0,0,0,0,0,0,0,0,0,0,0,0,0,0,0,0,0,0,0,0,0,0,0,0,0,0,0,0,3,0,0,0,0,0,0,0,0,0,0,0,0,0,0,0,0,0,0,0,0,3,3,0,0,0,0,0,5,0,11
8ACTE,1276,858,1170,2077,5910,7477,5358,8416,223,32758,2785,3813,3931,5760,15539,15046,7056,8243,478,62658,507,1059,1067,1418,4690,5145,2341,3139,255,19620,927,4677,3177,3114,3664,2450,1421,1792,428,21657,1702,2468,2790,3728,11469,6802,3004,2378,289,34637,511,4469,2112,1770,2008,1234,692,921,238,13941,166,480,343,432,782,872,596,915,96,4684,327,2488,1686,1317,1626,1320,573,790,220,10337,264,257,222,332,1226,1064,424,547,782,5123,8471,20570,16484,19945,46914,41411,21467,27141,3014,205419
89799,0,0,0,0,0,0,0,0,0,0,0,0,0,0,0,0,0,0,0,0,0,0,0,0,0,0,0,0,0,0,0,0,0,0,0,0,0,0,0,0,0,0,0,0,0,0,0,0,0,0,0,0,0,0,0,0,0,0,0,0,0,0,0,0,0,0,0,0,0,0,0,0,0,0,0,0,0,0,0,0,0,0,0,0,0,0,0,0,0,0,0,0,0,0,0,0,0,0,0,0
89499,0,0,0,0,0,6,0,7,3,21,3,9,3,4,5,13,6,7,0,57,0,0,0,0,5,10,0,4,0,14,3,5,0,8,8,3,0,5,0,34,3,9,0,3,11,5,0,0,0,28,0,4,0,0,4,3,0,0,0,12,0,0,0,0,0,0,0,0,0,8,0,3,0,3,3,3,3,0,0,20,0,0,0,0,0,0,0,0,3,6,9,28,14,22,35,46,12,35,6,202
7RNTE,136,100,87,131,656,683,434,1403,55,3682,340,332,387,549,1709,1617,686,1063,96,6777,157,133,147,198,753,877,517,902,62,3740,237,428,449,670,1286,889,392,746,137,5232,183,196,210,360,1277,700,305,398,41,3673,74,334,164,234,390,222,143,181,40,1783,94,94,77,114,255,209,168,510,51,1578,106,372,277,370,608,565,206,620,108,3230,50,63,43,55,144,113,53,106,422,1050,1375,2053,1839,2690,7085,5870,2907,5924,1014,30752
7GDAR,315,183,204,378,1413,1863,1243,3117,94,8798,704,636,669,1125,3079,3066,1507,2837,139,13762,478,403,396,570,2314,2557,1484,3900,242,12336,489,792,907,960,1762,1538,957,1276,186,8862,459,561,612,949,3474,2162,889,1161,132,10396,158,1115,686,667,1046,593,333,500,94,5201,167,137,207,273,839,659,468,1394,101,4239,216,776,712,728,913,834,401,1534,182,6290,98,55,52,74,244,218,89,260,393,1475,3080,4658,4445,5708,15081,13484,7364,15976,1568,71357
79799,0,0,0,0,0,0,0,0,0,0,0,0,0,0,0,0,0,0,3,4,0,0,0,0,0,0,0,4,0,8,0,0,0,0,0,0,0,0,0,0,0,0,0,0,0,0,0,0,0,0,0,0,0,0,0,0,0,0,0,0,0,0,0,0,0,0,0,0,0,0,3,0,0,0,0,0,0,6,6,13,0,0,0,0,0,0,0,0,0,0,3,3,0,0,0,0,0,14,10,28
79499,9,3,3,0,9,6,10,9,0,41,17,3,14,7,19,13,11,29,0,108,7,3,3,0,9,32,14,45,0,104,12,5,4,13,14,16,8,13,5,84,4,4,3,3,4,3,4,7,0,34,4,4,0,5,11,3,0,5,0,32,7,0,3,0,6,5,4,36,0,63,0,4,9,9,16,13,5,39,5,104,0,0,0,0,3,3,0,0,3,15,52,28,40,30,78,93,56,175,18,574
6RTAS,553,811,759,1166,1964,2732,1843,5184,222,15238,962,1610,2154,2552,3501,3143,1688,2563,156,18332,602,1151,1086,1530,3971,3974,2103,2402,264,17083,780,2782,2729,3075,1893,1099,673,787,222,14033,609,1731,1836,2216,3521,1876,844,870,100,13605,466,3291,1822,1795,1836,1016,612,759,150,11744,446,586,634,729,1805,1546,1357,1991,203,9285,794,3514,2058,2261,2797,2036,951,1244,356,16018,113,165,130,134,311,247,120,210,628,2056,5318,15643,13217,15457,21595,17674,10183,16012,2294,117405
6GHOB,347,474,529,849,2020,2244,1522,3147,81,11212,1039,1858,2485,3290,4820,3889,2074,2781,147,22388,368,854,813,1202,3206,3442,1503,1548,170,13110,593,2556,2141,2692,1868,1137,709,823,169,12690,681,1423,1751,2075,4599,2089,1013,833,92,14567,413,2963,1409,1334,1551,839,501,516,107,9641,162,356,319,406,970,812,684,679,101,4487,364,2402,1301,1291,1532,1071,461,495,177,9097,104,132,123,141,358,226,73,150,398,1704,4077,13011,10880,13293,20929,15740,8535,10975,1448,98883
69799,0,0,0,0,0,0,0,0,0,3,0,0,0,0,0,0,0,4,0,14,0,0,0,0,4,4,0,0,0,9,0,0,3,0,0,0,0,3,0,9,0,0,0,0,0,0,0,0,0,0,0,0,0,0,0,0,0,0,0,0,0,0,0,0,0,0,0,0,0,3,0,0,0,0,0,0,0,16,0,15,0,0,0,0,0,0,0,0,0,0,3,0,4,3,4,4,0,23,0,47
69499,0,3,0,0,3,4,0,6,0,17,3,0,3,3,3,12,8,10,0,49,0,3,0,3,8,13,3,4,0,38,3,3,7,7,8,0,0,0,5,33,0,5,3,3,7,3,0,0,0,27,0,3,4,4,0,0,0,0,0,14,0,4,3,0,5,0,0,3,0,20,0,8,10,4,5,7,0,6,0,54,0,0,0,0,0,0,0,0,0,3,14,38,27,28,45,38,17,39,10,247
5RWAU,1441,1756,1572,2260,2987,5349,3831,14161,474,33822,1814,2616,3087,3572,5165,6109,3597,6205,290,32446,2161,2079,1997,2687,5838,7647,5969,14238,717,43338,1243,3751,3328,4578,3462,2708,1483,2085,404,23037,1094,3357,3181,3670,5356,3855,1825,2451,257,25054,702,4641,2392,2752,2743,1868,1160,1463,295,18013,1780,1120,1027,1161,2149,2608,3721,11743,542,25850,1515,5635,3200,3772,3535,3646,2098,5685,651,29749,287,289,173,214,414,457,310,785,1185,4112,12047,25250,19959,24657,31651,34249,23993,58813,4819,235431
5GPER,2738,4038,4669,6456,15615,24557,15214,31266,864,105412,7993,16858,18879,21027,37531,47428,21880,31265,1611,204472,5129,7700,8338,10373,29292,34311,17061,29120,2293,143621,4178,20709,16552,17655,15125,11428,5479,6993,1566,99683,4390,14399,15683,15937,31924,23631,9363,8783,1124,125233,2672,24905,13442,11090,11481,8969,4263,6341,1073,84231,2815,3603,3508,4603,11681,9577,7057,16237,1153,60231,3010,19422,12710,10636,12198,9712,4436,8710,1530,82364,706,1227,918,954,2080,2319,903,1910,3918,14947,33645,112853,94699,98721,166934,171924,85665,140626,15130,920196
59799,3,0,0,0,0,0,0,8,0,11,0,0,3,0,3,5,3,64,0,78,3,0,0,0,3,0,0,71,0,87,0,0,3,0,0,0,0,0,0,3,0,0,0,0,0,3,0,4,0,10,0,0,0,0,0,0,0,0,0,0,0,0,0,0,0,0,0,29,0,35,0,0,5,0,0,3,3,79,3,100,0,3,0,0,0,0,0,9,0,9,16,12,11,0,4,14,11,274,4,334
59499,17,7,4,3,4,16,9,48,3,104,29,26,14,20,25,44,25,58,3,235,27,21,19,15,40,35,21,161,11,349,9,20,25,18,19,17,12,34,7,162,7,15,10,9,20,16,16,21,0,114,5,17,14,11,17,11,8,5,3,90,19,15,15,16,24,24,18,139,3,276,12,35,48,44,48,56,25,114,10,386,10,4,3,3,0,6,0,8,24,58,140,151,146,136,200,222,136,587,60,1773
4RSAU,986,1452,1281,2054,2638,4325,3037,10642,384,26799,1096,1542,2289,2778,3417,3306,2148,3344,215,20136,843,1430,1378,2022,4825,4816,2671,4108,334,22431,942,3267,3050,4016,2579,1400,870,1194,276,17595,740,2371,2389,2901,3876,2016,1030,1015,134,16456,582,3757,2160,2505,2036,1148,866,956,183,14184,596,771,762,865,2182,1946,1864,4025,252,13271,1073,5257,2857,3318,4274,3821,1641,2117,524,24893,183,207,149,176,315,275,140,287,817,2556,7038,20059,16308,20625,26137,23050,14267,27685,3131,158308
4GADE,1796,2658,2913,4989,11688,13301,10330,19001,554,67230,5622,10451,12693,16624,28487,24679,13392,17953,939,130848,2247,4521,4751,7195,19879,17601,9503,10834,1058,77599,3312,15047,11569,14875,11377,6849,3855,4046,1046,71974,3129,8637,9768,12407,25735,11973,6077,4653,649,83026,1928,17068,8470,8569,8600,5101,3269,3813,705,57531,1085,1903,2127,3211,8791,5409,3819,5312,497,32166,1840,14102,8125,8571,11076,6213,3394,3425,999,57749,477,754,483,680,1632,1171,517,788,2424,8937,21442,75146,60906,77111,127270,92301,54165,69825,8891,587060
49799,0,0,0,0,0,0,0,0,0,0,0,0,0,0,0,0,0,3,0,3,0,0,0,0,0,0,0,0,0,0,0,0,0,0,0,0,0,0,0,0,0,0,0,0,0,0,0,0,0,0,0,0,0,0,0,0,0,0,0,0,0,0,0,0,0,0,0,0,0,0,0,0,0,0,0,0,0,0,0,0,0,0,0,0,0,0,0,0,0,0,0,0,0,0,0,0,0,3,0,3
49499,4,0,4,6,7,8,4,13,0,54,15,15,13,10,23,20,5,16,3,103,10,5,12,9,20,18,6,26,3,112,4,13,10,4,8,3,3,3,0,53,3,4,10,12,12,6,5,7,0,57,3,12,9,13,6,3,4,0,3,49,0,6,6,11,17,8,16,13,11,85,13,24,18,32,50,36,17,14,12,212,0,0,0,0,0,0,0,0,8,11,53,82,68,103,139,100,63,98,32,734
3RQLD,3367,5219,5078,8219,16462,23484,15320,52195,1679,131019,7757,13596,15653,23813,31602,35205,17313,30695,1532,177163,5163,8543,8317,12789,33891,34947,22671,37109,2543,165977,5319,20806,18968,26778,21147,13046,7226,9681,2031,124999,4722,14859,15466,19561,35115,21333,9560,10574,1343,132531,3249,27238,15206,17179,17223,10407,6092,9608,1435,107632,3462,3952,4081,5859,12512,11177,11024,26398,1630,80093,3981,23568,15030,18401,21127,15606,8191,14457,2671,123030,956,1299,840,1132,2042,2123,902,2249,5527,17077,37980,119083,98634,133731,191122,167324,98291,192969,20383,1059525
3GBRI,3158,3748,4659,7239,19538,27244,18031,42461,1132,127222,9408,17923,20220,27398,46836,56145,25978,40510,1880,246294,3607,6858,7492,10188,32089,33778,18365,24671,2007,139054,4673,21876,19048,22294,19619,12776,6658,7881,1782,116612,5597,14566,16707,19136,46662,29573,12769,12123,1418,158546,2815,26041,14731,13749,15299,11083,5824,9154,1280,99974,1920,3602,4258,6103,15836,12272,7889,14008,1355,67242,2951,19747,14062,14361,20037,13708,6285,8252,2007,101412,691,1274,917,1100,2713,2684,940,2005,5101,17421,34817,115627,102096,121569,218629,199270,102742,161065,17962,1073778
39799,0,0,0,0,0,0,3,6,0,13,0,0,0,0,0,4,0,0,0,8,4,4,0,0,3,3,0,0,0,9,0,0,0,0,0,0,0,0,0,0,4,0,0,0,5,0,0,3,0,7,3,0,0,0,0,0,0,0,0,7,0,0,0,0,0,0,0,0,0,0,0,4,0,0,0,0,0,0,0,6,0,0,0,0,0,0,0,0,0,4,9,9,6,7,9,10,4,12,0,60
39499,20,21,12,25,26,37,20,82,9,264,47,34,31,52,73,96,26,72,10,446,30,23,22,28,62,82,33,96,17,392,15,54,52,61,48,40,23,41,13,349,22,24,17,16,55,25,29,30,3,226,13,26,33,29,21,23,13,13,10,182,21,9,16,32,51,40,29,94,11,300,24,69,101,156,134,110,65,127,33,825,12,3,3,3,4,9,0,12,51,97,195,274,297,410,473,463,235,575,158,3087
2RVIC,3058,4650,4422,6652,10116,16213,10359,33263,1403,90136,5311,8962,13208,15642,18257,19669,10675,14888,934,107552,3033,5598,5296,7269,19752,23945,10856,14284,1558,91588,4231,14335,12219,14216,10284,7752,3869,4428,1296,72622,3110,9075,10268,11205,16177,10632,4448,4205,692,69811,2459,18435,8844,8241,8195,5386,3249,4067,952,59819,1789,2341,2416,2867,7511,7679,5401,9274,825,40101,3272,17581,9312,9932,12690,10771,5305,6112,1705,76668,748,814,539,727,1204,1302,490,1004,3457,10291,27008,81789,66524,76739,104175,103356,54663,91518,12812,618583
2GMEL,6897,9123,12064,17720,42374,65950,38942,83736,2788,279601,18213,40713,47034,56053,95666,128025,56982,80856,4710,528261,6153,14557,17494,20842,60915,73685,30945,37514,4758,266855,8306,47031,37722,38042,32817,23820,11770,13116,3823,216447,9560,31358,36287,37367,75332,58714,21905,19655,3046,293226,6236,58032,31423,24793,29386,24471,11677,16060,3114,205194,3085,7124,8752,10500,30874,25288,13146,17513,2612,118891,4623,36578,26466,20697,33697,24036,9626,10963,3757,170451,1433,2881,2208,2300,5421,5651,1791,3319,11562,36574,64518,247403,219460,228318,406480,429655,196776,282723,40164,2115493
29799,0,0,0,0,0,0,0,0,0,0,0,0,0,0,0,0,0,3,0,4,0,0,0,0,0,0,0,8,0,7,0,0,0,0,0,0,0,0,0,0,0,0,0,0,0,0,0,0,0,0,0,0,0,0,0,0,0,0,0,0,0,0,0,0,0,0,0,0,0,0,0,0,0,0,0,0,0,3,0,3,0,0,0,0,0,0,0,0,0,0,0,0,0,0,0,0,0,17,0,23
29499,7,3,12,11,31,40,17,52,7,178,34,34,33,40,54,108,31,64,7,405,6,10,26,18,59,70,35,55,5,297,13,59,40,55,28,32,21,19,8,277,15,14,23,21,45,33,9,10,7,182,3,29,16,16,30,13,7,11,6,134,14,11,11,14,42,35,15,48,13,200,6,46,42,46,51,47,19,31,12,307,8,10,7,0,0,3,3,3,23,57,111,212,205,226,348,385,170,296,84,2033
1RNSW,4179,6283,6735,9891,18568,26917,16756,52746,1975,144050,9042,16412,22091,25025,36395,39806,18947,30126,1819,199664,4699,8836,9526,12883,36907,40164,20037,27920,2713,163683,5989,24087,21469,26543,22489,12973,7344,8406,2301,131603,5410,15918,18431,21707,36225,20476,8668,8470,1267,136560,4138,29180,16190,15872,16149,9751,5673,7545,1614,106127,3099,4876,5007,5792,14993,13551,10654,18964,1532,78469,4821,27579,16510,17083,20732,18230,7435,10580,2868,125843,1023,1389,973,1179,2490,2292,924,1988,5914,18165,42391,134568,116929,135978,204953,184155,96429,166740,22017,1104163
1GSYD,7272,9067,12881,16918,45777,77531,42281,96955,3065,311762,19061,41875,48996,49931,109537,158365,62790,101683,5558,597798,5620,14345,19395,19768,55683,71759,30963,42406,5116,265056,7575,41605,39493,34936,36518,26532,13136,14455,3960,218206,10143,32245,40015,37656,88406,70052,24205,24912,3501,331135,6242,47348,33060,24594,31823,29166,12105,17605,3119,205051,3091,8103,9811,10804,32131,25833,13061,22195,2988,128020,4548,31970,29002,20211,33169,25812,10093,12586,4065,171450,1520,3199,2835,2530,6817,7374,2176,4318,13454,44228,65069,229765,235495,217349,439866,492425,210801,337122,44829,2272718
19799,0,0,0,0,0,0,0,0,0,3,3,0,3,0,6,0,0,4,0,22,10,0,0,0,6,3,0,3,0,18,9,3,4,0,3,0,0,0,0,16,6,0,0,3,3,3,0,0,0,21,5,3,0,3,3,4,0,0,0,17,7,0,0,0,4,4,0,0,0,10,6,3,0,0,0,0,0,0,3,18,0,0,0,0,0,0,3,0,3,5,43,4,9,10,22,12,4,7,4,130
19499,15,12,23,11,38,75,22,80,3,274,44,57,61,52,113,159,52,95,6,649,18,38,36,44,92,115,42,68,24,480,9,60,70,78,54,50,38,60,10,430,12,28,25,29,76,43,20,29,4,261,17,24,32,30,39,39,15,14,12,224,8,20,25,32,73,51,37,80,12,339,23,60,98,91,90,96,46,45,36,582,5,3,6,5,9,10,9,3,47,103,148,298,377,371,584,638,279,475,158,3331